{
	"ecsu.oxyfont_tiny. ": { "File": "oxyfont_tiny.png", "Rect": "55,1,3,1", "Center": "0,3" },
	"ecsu.oxyfont_tiny.!": { "File": "oxyfont_tiny.png", "Rect": "1,1,1,6", "Center": "0,3" },
	"ecsu.oxyfont_tiny.\"": { "File": "oxyfont_tiny.png", "Rect": "3,1,3,6", "Center": "0,3" },
	"ecsu.oxyfont_tiny.#": { "File": "oxyfont_tiny.png", "Rect": "7,1,5,6", "Center": "0,3" },
	"ecsu.oxyfont_tiny.$": { "File": "oxyfont_tiny.png", "Rect": "13,1,3,6", "Center": "0,3" },
	"ecsu.oxyfont_tiny.%": { "File": "oxyfont_tiny.png", "Rect": "17,1,4,6", "Center": "0,3" },
	"ecsu.oxyfont_tiny.&": { "File": "oxyfont_tiny.png", "Rect": "22,1,4,6", "Center": "0,3" },
	"ecsu.oxyfont_tiny.'": { "File": "oxyfont_tiny.png", "Rect": "3,1,1,6", "Center": "0,3" },
	"ecsu.oxyfont_tiny.(": { "File": "oxyfont_tiny.png", "Rect": "27,1,2,6", "Center": "0,3" },
	"ecsu.oxyfont_tiny.)": { "File": "oxyfont_tiny.png", "Rect": "30,1,2,6", "Center": "0,3" },
	"ecsu.oxyfont_tiny.*": { "File": "oxyfont_tiny.png", "Rect": "33,1,3,6", "Center": "0,3" },
	"ecsu.oxyfont_tiny.+": { "File": "oxyfont_tiny.png", "Rect": "37,1,3,6", "Center": "0,3" },
	"ecsu.oxyfont_tiny.,": { "File": "oxyfont_tiny.png", "Rect": "41,1,2,8", "Center": "0,3" },
	"ecsu.oxyfont_tiny.-": { "File": "oxyfont_tiny.png", "Rect": "44,1,3,6", "Center": "0,3" },
	"ecsu.oxyfont_tiny..": { "File": "oxyfont_tiny.png", "Rect": "48,1,1,6", "Center": "0,3" },
	"ecsu.oxyfont_tiny./": { "File": "oxyfont_tiny.png", "Rect": "50,1,4,6", "Center": "0,3" },
	"ecsu.oxyfont_tiny.:": { "File": "oxyfont_tiny.png", "Rect": "60,1,1,6", "Center": "0,3" },
	"ecsu.oxyfont_tiny.;": { "File": "oxyfont_tiny.png", "Rect": "62,1,2,6", "Center": "0,3" },
	"ecsu.oxyfont_tiny.<": { "File": "oxyfont_tiny.png", "Rect": "65,1,3,6", "Center": "0,3" },
	"ecsu.oxyfont_tiny.=": { "File": "oxyfont_tiny.png", "Rect": "69,1,3,6", "Center": "0,3" },
	"ecsu.oxyfont_tiny.>": { "File": "oxyfont_tiny.png", "Rect": "73,1,3,6", "Center": "0,3" },
	"ecsu.oxyfont_tiny.?": { "File": "oxyfont_tiny.png", "Rect": "77,1,4,6", "Center": "0,3" },
	"ecsu.oxyfont_tiny.@": { "File": "oxyfont_tiny.png", "Rect": "82,1,5,6", "Center": "0,3" },
	"ecsu.oxyfont_tiny.[": { "File": "oxyfont_tiny.png", "Rect": "90,1,2,6", "Center": "0,3" },
	"ecsu.oxyfont_tiny.\\": { "File": "oxyfont_tiny.png", "Rect": "93,1,4,6", "Center": "0,3" },
	"ecsu.oxyfont_tiny.]": { "File": "oxyfont_tiny.png", "Rect": "98,1,2,6", "Center": "0,3" },
	"ecsu.oxyfont_tiny.^": { "File": "oxyfont_tiny.png", "Rect": "101,1,3,6", "Center": "0,3" },
	"ecsu.oxyfont_tiny._": { "File": "oxyfont_tiny.png", "Rect": "105,1,4,8", "Center": "0,3" },
	"ecsu.oxyfont_tiny.`": { "File": "oxyfont_tiny.png", "Rect": "102,1,2,6", "Center": "0,3" },
	"ecsu.oxyfont_tiny.{": { "File": "oxyfont_tiny.png", "Rect": "110,1,3,7", "Center": "0,3" },
	"ecsu.oxyfont_tiny.|": { "File": "oxyfont_tiny.png", "Rect": "114,1,1,6", "Center": "0,3" },
	"ecsu.oxyfont_tiny.}": { "File": "oxyfont_tiny.png", "Rect": "116,1,3,7", "Center": "0,3" },
	"ecsu.oxyfont_tiny.~": { "File": "oxyfont_tiny.png", "Rect": "120,1,4,6", "Center": "0,3" },
	
	"ecsu.oxyfont_tiny.0": { "File": "oxyfont_tiny.png", "Rect": "1,10,4,6", "Center": "0,3" },
	"ecsu.oxyfont_tiny.1": { "File": "oxyfont_tiny.png", "Rect": "6,10,2,6", "Center": "0,3" },
	"ecsu.oxyfont_tiny.2": { "File": "oxyfont_tiny.png", "Rect": "9,10,4,6", "Center": "0,3" },
	"ecsu.oxyfont_tiny.3": { "File": "oxyfont_tiny.png", "Rect": "14,10,4,6", "Center": "0,3" },
	"ecsu.oxyfont_tiny.4": { "File": "oxyfont_tiny.png", "Rect": "19,10,4,6", "Center": "0,3" },
	"ecsu.oxyfont_tiny.5": { "File": "oxyfont_tiny.png", "Rect": "24,10,4,6", "Center": "0,3" },
	"ecsu.oxyfont_tiny.6": { "File": "oxyfont_tiny.png", "Rect": "29,10,4,6", "Center": "0,3" },
	"ecsu.oxyfont_tiny.7": { "File": "oxyfont_tiny.png", "Rect": "34,10,4,6", "Center": "0,3" },
	"ecsu.oxyfont_tiny.8": { "File": "oxyfont_tiny.png", "Rect": "39,10,4,6", "Center": "0,3" },
	"ecsu.oxyfont_tiny.9": { "File": "oxyfont_tiny.png", "Rect": "44,10,4,6", "Center": "0,3" },
	
	"ecsu.oxyfont_tiny.A": { "File": "oxyfont_tiny.png", "Rect": "1,19,4,6", "Center": "0,3" },
	"ecsu.oxyfont_tiny.B": { "File": "oxyfont_tiny.png", "Rect": "6,19,4,6", "Center": "0,3" },
	"ecsu.oxyfont_tiny.C": { "File": "oxyfont_tiny.png", "Rect": "11,19,4,6", "Center": "0,3" },
	"ecsu.oxyfont_tiny.D": { "File": "oxyfont_tiny.png", "Rect": "16,19,4,6", "Center": "0,3" },
	"ecsu.oxyfont_tiny.E": { "File": "oxyfont_tiny.png", "Rect": "21,19,4,6", "Center": "0,3" },
	"ecsu.oxyfont_tiny.F": { "File": "oxyfont_tiny.png", "Rect": "26,19,4,6", "Center": "0,3" },
	"ecsu.oxyfont_tiny.G": { "File": "oxyfont_tiny.png", "Rect": "31,19,4,6", "Center": "0,3" },
	"ecsu.oxyfont_tiny.H": { "File": "oxyfont_tiny.png", "Rect": "36,19,4,6", "Center": "0,3" },
	"ecsu.oxyfont_tiny.I": { "File": "oxyfont_tiny.png", "Rect": "41,19,1,6", "Center": "0,3" },
	"ecsu.oxyfont_tiny.J": { "File": "oxyfont_tiny.png", "Rect": "43,19,4,6", "Center": "0,3" },
	"ecsu.oxyfont_tiny.K": { "File": "oxyfont_tiny.png", "Rect": "48,19,4,6", "Center": "0,3" },
	"ecsu.oxyfont_tiny.L": { "File": "oxyfont_tiny.png", "Rect": "53,19,4,6", "Center": "0,3" },
	"ecsu.oxyfont_tiny.M": { "File": "oxyfont_tiny.png", "Rect": "58,19,5,6", "Center": "0,3" },
	"ecsu.oxyfont_tiny.N": { "File": "oxyfont_tiny.png", "Rect": "64,19,4,6", "Center": "0,3" },
	"ecsu.oxyfont_tiny.O": { "File": "oxyfont_tiny.png", "Rect": "69,19,5,6", "Center": "0,3" },
	"ecsu.oxyfont_tiny.P": { "File": "oxyfont_tiny.png", "Rect": "75,19,4,6", "Center": "0,3" },
	"ecsu.oxyfont_tiny.Q": { "File": "oxyfont_tiny.png", "Rect": "80,19,5,6", "Center": "0,3" },
	"ecsu.oxyfont_tiny.R": { "File": "oxyfont_tiny.png", "Rect": "86,19,4,6", "Center": "0,3" },
	"ecsu.oxyfont_tiny.S": { "File": "oxyfont_tiny.png", "Rect": "91,19,4,6", "Center": "0,3" },
	"ecsu.oxyfont_tiny.T": { "File": "oxyfont_tiny.png", "Rect": "96,19,5,6", "Center": "0,3" },
	"ecsu.oxyfont_tiny.U": { "File": "oxyfont_tiny.png", "Rect": "102,19,4,6", "Center": "0,3" },
	"ecsu.oxyfont_tiny.V": { "File": "oxyfont_tiny.png", "Rect": "107,19,5,6", "Center": "0,3" },
	"ecsu.oxyfont_tiny.W": { "File": "oxyfont_tiny.png", "Rect": "113,19,5,6", "Center": "0,3" },
	"ecsu.oxyfont_tiny.X": { "File": "oxyfont_tiny.png", "Rect": "119,19,5,6", "Center": "0,3" },
	"ecsu.oxyfont_tiny.Y": { "File": "oxyfont_tiny.png", "Rect": "125,19,5,6", "Center": "0,3" },
	"ecsu.oxyfont_tiny.Z": { "File": "oxyfont_tiny.png", "Rect": "131,19,4,6", "Center": "0,3" },
	
	"ecsu.oxyfont_tiny.a": { "File": "oxyfont_tiny.png", "Rect": "1,28,4,6", "Center": "0,3" },
	"ecsu.oxyfont_tiny.b": { "File": "oxyfont_tiny.png", "Rect": "6,28,4,6", "Center": "0,3" },
	"ecsu.oxyfont_tiny.c": { "File": "oxyfont_tiny.png", "Rect": "11,28,4,6", "Center": "0,3" },
	"ecsu.oxyfont_tiny.d": { "File": "oxyfont_tiny.png", "Rect": "16,28,4,6", "Center": "0,3" },
	"ecsu.oxyfont_tiny.e": { "File": "oxyfont_tiny.png", "Rect": "21,28,4,6", "Center": "0,3" },
	"ecsu.oxyfont_tiny.f": { "File": "oxyfont_tiny.png", "Rect": "26,28,4,6", "Center": "0,3" },
	"ecsu.oxyfont_tiny.g": { "File": "oxyfont_tiny.png", "Rect": "30,28,4,8", "Center": "0,3" },
	"ecsu.oxyfont_tiny.h": { "File": "oxyfont_tiny.png", "Rect": "35,28,4,6", "Center": "0,3" },
	"ecsu.oxyfont_tiny.i": { "File": "oxyfont_tiny.png", "Rect": "40,28,1,6", "Center": "0,3" },
	"ecsu.oxyfont_tiny.j": { "File": "oxyfont_tiny.png", "Rect": "42,28,3,8", "Center": "0,3" },
	"ecsu.oxyfont_tiny.k": { "File": "oxyfont_tiny.png", "Rect": "46,28,4,6", "Center": "0,3" },
	"ecsu.oxyfont_tiny.l": { "File": "oxyfont_tiny.png", "Rect": "51,28,1,6", "Center": "0,3" },
	"ecsu.oxyfont_tiny.m": { "File": "oxyfont_tiny.png", "Rect": "53,28,5,6", "Center": "0,3" },
	"ecsu.oxyfont_tiny.n": { "File": "oxyfont_tiny.png", "Rect": "59,28,4,6", "Center": "0,3" },
	"ecsu.oxyfont_tiny.o": { "File": "oxyfont_tiny.png", "Rect": "64,28,4,6", "Center": "0,3" },
	"ecsu.oxyfont_tiny.p": { "File": "oxyfont_tiny.png", "Rect": "69,28,4,8", "Center": "0,3" },
	"ecsu.oxyfont_tiny.q": { "File": "oxyfont_tiny.png", "Rect": "74,28,4,8", "Center": "0,3" },
	"ecsu.oxyfont_tiny.r": { "File": "oxyfont_tiny.png", "Rect": "79,28,4,6", "Center": "0,3" },
	"ecsu.oxyfont_tiny.s": { "File": "oxyfont_tiny.png", "Rect": "84,28,4,6", "Center": "0,3" },
	"ecsu.oxyfont_tiny.t": { "File": "oxyfont_tiny.png", "Rect": "89,28,3,6", "Center": "0,3" },
	"ecsu.oxyfont_tiny.u": { "File": "oxyfont_tiny.png", "Rect": "93,28,4,6", "Center": "0,3" },
	"ecsu.oxyfont_tiny.v": { "File": "oxyfont_tiny.png", "Rect": "98,28,5,6", "Center": "0,3" },
	"ecsu.oxyfont_tiny.w": { "File": "oxyfont_tiny.png", "Rect": "104,28,5,6", "Center": "0,3" },
	"ecsu.oxyfont_tiny.x": { "File": "oxyfont_tiny.png", "Rect": "110,28,5,6", "Center": "0,3" },
	"ecsu.oxyfont_tiny.y": { "File": "oxyfont_tiny.png", "Rect": "116,28,4,8", "Center": "0,3" },
	"ecsu.oxyfont_tiny.z": { "File": "oxyfont_tiny.png", "Rect": "121,28,4,6", "Center": "0,3" }
}