{
	"ecsu.oxyfont_regular_overlay. ": { "File": "oxyfont_regular_overlay.png", "Rect": "91,1,3,10", "Center": "0,5" },
	"ecsu.oxyfont_regular_overlay.!": { "File": "oxyfont_regular_overlay.png", "Rect": "1,1,2,10", "Center": "0,5" },
	"ecsu.oxyfont_regular_overlay.\"": { "File": "oxyfont_regular_overlay.png", "Rect": "4,1,5,10", "Center": "0,5" },
	"ecsu.oxyfont_regular_overlay.#": { "File": "oxyfont_regular_overlay.png", "Rect": "10,1,7,10", "Center": "0,5" },
	"ecsu.oxyfont_regular_overlay.$": { "File": "oxyfont_regular_overlay.png", "Rect": "18,1,8,10", "Center": "0,5" },
	"ecsu.oxyfont_regular_overlay.%": { "File": "oxyfont_regular_overlay.png", "Rect": "27,1,11,10", "Center": "0,5" },
	"ecsu.oxyfont_regular_overlay.&": { "File": "oxyfont_regular_overlay.png", "Rect": "39,1,8,10", "Center": "0,5" },
	"ecsu.oxyfont_regular_overlay.'": { "File": "oxyfont_regular_overlay.png", "Rect": "4,1,2,10", "Center": "0,5" },
	"ecsu.oxyfont_regular_overlay.(": { "File": "oxyfont_regular_overlay.png", "Rect": "48,1,4,10", "Center": "0,5" },
	"ecsu.oxyfont_regular_overlay.)": { "File": "oxyfont_regular_overlay.png", "Rect": "53,1,4,10", "Center": "0,5" },
	"ecsu.oxyfont_regular_overlay.*": { "File": "oxyfont_regular_overlay.png", "Rect": "66,1,8,10", "Center": "0,5" },
	"ecsu.oxyfont_regular_overlay.+": { "File": "oxyfont_regular_overlay.png", "Rect": "67,1,6,10", "Center": "0,5" },
	"ecsu.oxyfont_regular_overlay.,": { "File": "oxyfont_regular_overlay.png", "Rect": "74,1,2,12", "Center": "0,5" },
	"ecsu.oxyfont_regular_overlay.-": { "File": "oxyfont_regular_overlay.png", "Rect": "77,1,4,10", "Center": "0,5" },
	"ecsu.oxyfont_regular_overlay..": { "File": "oxyfont_regular_overlay.png", "Rect": "82,1,2,10", "Center": "0,5" },
	"ecsu.oxyfont_regular_overlay./": { "File": "oxyfont_regular_overlay.png", "Rect": "85,1,5,10", "Center": "0,5" },
	"ecsu.oxyfont_regular_overlay.:": { "File": "oxyfont_regular_overlay.png", "Rect": "100,1,2,10", "Center": "0,5" },
	"ecsu.oxyfont_regular_overlay.;": { "File": "oxyfont_regular_overlay.png", "Rect": "103,1,2,12", "Center": "0,5" },
	"ecsu.oxyfont_regular_overlay.<": { "File": "oxyfont_regular_overlay.png", "Rect": "106,1,7,10", "Center": "0,5" },
	"ecsu.oxyfont_regular_overlay.=": { "File": "oxyfont_regular_overlay.png", "Rect": "114,1,6,10", "Center": "0,5" },
	"ecsu.oxyfont_regular_overlay.>": { "File": "oxyfont_regular_overlay.png", "Rect": "121,1,7,10", "Center": "0,5" },
	"ecsu.oxyfont_regular_overlay.?": { "File": "oxyfont_regular_overlay.png", "Rect": "129,1,6,10", "Center": "0,5" },
	"ecsu.oxyfont_regular_overlay.@": { "File": "oxyfont_regular_overlay.png", "Rect": "136,1,9,10", "Center": "0,5" },
	"ecsu.oxyfont_regular_overlay.[": { "File": "oxyfont_regular_overlay.png", "Rect": "150,1,4,10", "Center": "0,5" },
	"ecsu.oxyfont_regular_overlay.\\": { "File": "oxyfont_regular_overlay.png", "Rect":"155,1,5,10", "Center": "0,5" },
	"ecsu.oxyfont_regular_overlay.]": { "File": "oxyfont_regular_overlay.png", "Rect": "161,1,4,10", "Center": "0,5" },
	"ecsu.oxyfont_regular_overlay.^": { "File": "oxyfont_regular_overlay.png", "Rect": "166,1,6,10", "Center": "0,5" },
	"ecsu.oxyfont_regular_overlay._": { "File": "oxyfont_regular_overlay.png", "Rect": "173,1,6,12", "Center": "0,5" },
	"ecsu.oxyfont_regular_overlay.`": { "File": "oxyfont_regular_overlay.png", "Rect": "180,1,4,10", "Center": "0,5" },
	"ecsu.oxyfont_regular_overlay.{": { "File": "oxyfont_regular_overlay.png", "Rect": "190,1,5,10", "Center": "0,5" },
	"ecsu.oxyfont_regular_overlay.|": { "File": "oxyfont_regular_overlay.png", "Rect": "196,1,2,10", "Center": "0,5" },
	"ecsu.oxyfont_regular_overlay.}": { "File": "oxyfont_regular_overlay.png", "Rect": "199,1,5,10", "Center": "0,5" },
	"ecsu.oxyfont_regular_overlay.~": { "File": "oxyfont_regular_overlay.png", "Rect": "205,1,8,10", "Center": "0,5" },
	
	"ecsu.oxyfont_regular_overlay.0": { "File": "oxyfont_regular_overlay.png", "Rect": "1,15,6,10", "Center": "0,5" },
	"ecsu.oxyfont_regular_overlay.1": { "File": "oxyfont_regular_overlay.png", "Rect": "8,15,6,10", "Center": "0,5" },
	"ecsu.oxyfont_regular_overlay.2": { "File": "oxyfont_regular_overlay.png", "Rect": "15,15,6,10", "Center": "0,5" },
	"ecsu.oxyfont_regular_overlay.3": { "File": "oxyfont_regular_overlay.png", "Rect": "22,15,6,10", "Center": "0,5" },
	"ecsu.oxyfont_regular_overlay.4": { "File": "oxyfont_regular_overlay.png", "Rect": "29,15,6,10", "Center": "0,5" },
	"ecsu.oxyfont_regular_overlay.5": { "File": "oxyfont_regular_overlay.png", "Rect": "36,15,6,10", "Center": "0,5" },
	"ecsu.oxyfont_regular_overlay.6": { "File": "oxyfont_regular_overlay.png", "Rect": "43,15,6,10", "Center": "0,5" },
	"ecsu.oxyfont_regular_overlay.7": { "File": "oxyfont_regular_overlay.png", "Rect": "50,15,6,10", "Center": "0,5" },
	"ecsu.oxyfont_regular_overlay.8": { "File": "oxyfont_regular_overlay.png", "Rect": "57,15,6,10", "Center": "0,5" },
	"ecsu.oxyfont_regular_overlay.9": { "File": "oxyfont_regular_overlay.png", "Rect": "64,15,6,10", "Center": "0,5" },
	
	"ecsu.oxyfont_regular_overlay.A": { "File": "oxyfont_regular_overlay.png", "Rect": "1,29,7,10", "Center": "0,5" },
	"ecsu.oxyfont_regular_overlay.B": { "File": "oxyfont_regular_overlay.png", "Rect": "9,29,7,10", "Center": "0,5" },
	"ecsu.oxyfont_regular_overlay.C": { "File": "oxyfont_regular_overlay.png", "Rect": "17,29,8,10", "Center": "0,5" },
	"ecsu.oxyfont_regular_overlay.D": { "File": "oxyfont_regular_overlay.png", "Rect": "26,29,8,10", "Center": "0,5" },
	"ecsu.oxyfont_regular_overlay.E": { "File": "oxyfont_regular_overlay.png", "Rect": "35,29,7,10", "Center": "0,5" },
	"ecsu.oxyfont_regular_overlay.F": { "File": "oxyfont_regular_overlay.png", "Rect": "43,29,6,10", "Center": "0,5" },
	"ecsu.oxyfont_regular_overlay.G": { "File": "oxyfont_regular_overlay.png", "Rect": "50,29,8,10", "Center": "0,5" },
	"ecsu.oxyfont_regular_overlay.H": { "File": "oxyfont_regular_overlay.png", "Rect": "59,29,8,10", "Center": "0,5" },
	"ecsu.oxyfont_regular_overlay.I": { "File": "oxyfont_regular_overlay.png", "Rect": "68,29,2,10", "Center": "0,5" },
	"ecsu.oxyfont_regular_overlay.J": { "File": "oxyfont_regular_overlay.png", "Rect": "72,29,6,10", "Center": "0,5" },
	"ecsu.oxyfont_regular_overlay.K": { "File": "oxyfont_regular_overlay.png", "Rect": "79,29,7,10", "Center": "0,5" },
	"ecsu.oxyfont_regular_overlay.L": { "File": "oxyfont_regular_overlay.png", "Rect": "87,29,7,10", "Center": "0,5" },
	"ecsu.oxyfont_regular_overlay.M": { "File": "oxyfont_regular_overlay.png", "Rect": "95,29,10,10", "Center": "0,5" },
	"ecsu.oxyfont_regular_overlay.N": { "File": "oxyfont_regular_overlay.png", "Rect": "106,29,8,10", "Center": "0,5" },
	"ecsu.oxyfont_regular_overlay.O": { "File": "oxyfont_regular_overlay.png", "Rect": "115,29,8,10", "Center": "0,5" },
	"ecsu.oxyfont_regular_overlay.P": { "File": "oxyfont_regular_overlay.png", "Rect": "124,29,7,10", "Center": "0,5" },
	"ecsu.oxyfont_regular_overlay.Q": { "File": "oxyfont_regular_overlay.png", "Rect": "132,29,9,10", "Center": "0,5" },
	"ecsu.oxyfont_regular_overlay.R": { "File": "oxyfont_regular_overlay.png", "Rect": "142,29,7,10", "Center": "0,5" },
	"ecsu.oxyfont_regular_overlay.S": { "File": "oxyfont_regular_overlay.png", "Rect": "150,29,7,10", "Center": "0,5" },
	"ecsu.oxyfont_regular_overlay.T": { "File": "oxyfont_regular_overlay.png", "Rect": "158,29,8,10", "Center": "0,5" },
	"ecsu.oxyfont_regular_overlay.U": { "File": "oxyfont_regular_overlay.png", "Rect": "167,29,7,10", "Center": "0,5" },
	"ecsu.oxyfont_regular_overlay.V": { "File": "oxyfont_regular_overlay.png", "Rect": "175,29,7,10", "Center": "0,5" },
	"ecsu.oxyfont_regular_overlay.W": { "File": "oxyfont_regular_overlay.png", "Rect": "183,29,10,10", "Center": "0,5" },
	"ecsu.oxyfont_regular_overlay.X": { "File": "oxyfont_regular_overlay.png", "Rect": "194,29,7,10", "Center": "0,5" },
	"ecsu.oxyfont_regular_overlay.Y": { "File": "oxyfont_regular_overlay.png", "Rect": "202,29,6,10", "Center": "0,5" },
	"ecsu.oxyfont_regular_overlay.Z": { "File": "oxyfont_regular_overlay.png", "Rect": "209,29,8,10", "Center": "0,5" },
	
	"ecsu.oxyfont_regular_overlay.a": { "File": "oxyfont_regular_overlay.png", "Rect": "1,43,6,10", "Center": "0,5" },
	"ecsu.oxyfont_regular_overlay.b": { "File": "oxyfont_regular_overlay.png", "Rect": "8,43,6,10", "Center": "0,5" },
	"ecsu.oxyfont_regular_overlay.c": { "File": "oxyfont_regular_overlay.png", "Rect": "15,43,6,10", "Center": "0,5" },
	"ecsu.oxyfont_regular_overlay.d": { "File": "oxyfont_regular_overlay.png", "Rect": "22,43,6,10", "Center": "0,5" },
	"ecsu.oxyfont_regular_overlay.e": { "File": "oxyfont_regular_overlay.png", "Rect": "29,43,6,10", "Center": "0,5" },
	"ecsu.oxyfont_regular_overlay.f": { "File": "oxyfont_regular_overlay.png", "Rect": "36,43,4,10", "Center": "0,5" },
	"ecsu.oxyfont_regular_overlay.g": { "File": "oxyfont_regular_overlay.png", "Rect": "41,43,6,13", "Center": "0,5" },
	"ecsu.oxyfont_regular_overlay.h": { "File": "oxyfont_regular_overlay.png", "Rect": "48,43,6,10", "Center": "0,5" },
	"ecsu.oxyfont_regular_overlay.i": { "File": "oxyfont_regular_overlay.png", "Rect": "55,43,2,10", "Center": "0,5" },
	"ecsu.oxyfont_regular_overlay.j": { "File": "oxyfont_regular_overlay.png", "Rect": "58,43,4,13", "Center": "0,5" },
	"ecsu.oxyfont_regular_overlay.k": { "File": "oxyfont_regular_overlay.png", "Rect": "63,43,6,10", "Center": "0,5" },
	"ecsu.oxyfont_regular_overlay.l": { "File": "oxyfont_regular_overlay.png", "Rect": "70,43,2,10", "Center": "0,5" },
	"ecsu.oxyfont_regular_overlay.m": { "File": "oxyfont_regular_overlay.png", "Rect": "73,43,8,10", "Center": "0,5" },
	"ecsu.oxyfont_regular_overlay.n": { "File": "oxyfont_regular_overlay.png", "Rect": "82,43,6,10", "Center": "0,5" },
	"ecsu.oxyfont_regular_overlay.o": { "File": "oxyfont_regular_overlay.png", "Rect": "89,43,6,10", "Center": "0,5" },
	"ecsu.oxyfont_regular_overlay.p": { "File": "oxyfont_regular_overlay.png", "Rect": "96,43,6,13", "Center": "0,5" },
	"ecsu.oxyfont_regular_overlay.q": { "File": "oxyfont_regular_overlay.png", "Rect": "103,43,6,13", "Center": "0,5" },
	"ecsu.oxyfont_regular_overlay.r": { "File": "oxyfont_regular_overlay.png", "Rect": "110,43,4,10", "Center": "0,5" },
	"ecsu.oxyfont_regular_overlay.s": { "File": "oxyfont_regular_overlay.png", "Rect": "115,43,5,10", "Center": "0,5" },
	"ecsu.oxyfont_regular_overlay.t": { "File": "oxyfont_regular_overlay.png", "Rect": "121,43,4,10", "Center": "0,5" },
	"ecsu.oxyfont_regular_overlay.u": { "File": "oxyfont_regular_overlay.png", "Rect": "126,43,6,10", "Center": "0,5" },
	"ecsu.oxyfont_regular_overlay.v": { "File": "oxyfont_regular_overlay.png", "Rect": "133,43,7,10", "Center": "0,5" },
	"ecsu.oxyfont_regular_overlay.w": { "File": "oxyfont_regular_overlay.png", "Rect": "141,43,8,10", "Center": "0,5" },
	"ecsu.oxyfont_regular_overlay.x": { "File": "oxyfont_regular_overlay.png", "Rect": "150,43,7,10", "Center": "0,5" },
	"ecsu.oxyfont_regular_overlay.y": { "File": "oxyfont_regular_overlay.png", "Rect": "158,43,6,13", "Center": "0,5" },
	"ecsu.oxyfont_regular_overlay.z": { "File": "oxyfont_regular_overlay.png", "Rect": "165,43,6,10", "Center": "0,5" }
}