{
	"ecsu.smallfont.bg_x1": { "File": "smallbg.png", "Rect": "1,1,1,7", "Center": "0,2" },
	"ecsu.smallfont.bg_x2": { "File": "smallbg.png", "Rect": "1,1,2,7", "Center": "0,2" },
	"ecsu.smallfont.bg_x3": { "File": "smallbg.png", "Rect": "1,1,3,7", "Center": "0,2" },
	"ecsu.smallfont.bg_x4": { "File": "smallbg.png", "Rect": "1,1,4,7", "Center": "0,2" },
	"ecsu.smallfont.bg_x5": { "File": "smallbg.png", "Rect": "1,1,5,7", "Center": "0,2" },
	"ecsu.smallfont.bg_x6": { "File": "smallbg.png", "Rect": "1,1,6,7", "Center": "0,2" },
	"ecsu.smallfont.bg_x7": { "File": "smallbg.png", "Rect": "1,1,7,7", "Center": "0,2" },
	"ecsu.smallfont.bg_x8": { "File": "smallbg.png", "Rect": "1,1,8,7", "Center": "0,2" },
	"ecsu.smallfont.bg_x9": { "File": "smallbg.png", "Rect": "1,1,9,7", "Center": "0,2" },
	"ecsu.smallfont.bg_x10": { "File": "smallbg.png", "Rect": "1,1,10,7", "Center": "0,2" },
	"ecsu.smallfont.bg_x11": { "File": "smallbg.png", "Rect": "1,1,11,7", "Center": "0,2" },
	"ecsu.smallfont.bg_x12": { "File": "smallbg.png", "Rect": "1,1,12,7", "Center": "0,2" },
	"ecsu.smallfont.bg_x13": { "File": "smallbg.png", "Rect": "1,1,13,7", "Center": "0,2" },
	"ecsu.smallfont.bg_x14": { "File": "smallbg.png", "Rect": "1,1,14,7", "Center": "0,2" },
	"ecsu.smallfont.bg_x15": { "File": "smallbg.png", "Rect": "1,1,15,7", "Center": "0,2" },
	"ecsu.smallfont.bg_x16": { "File": "smallbg.png", "Rect": "1,1,16,7", "Center": "0,2" },
	"ecsu.smallfont.bg_x17": { "File": "smallbg.png", "Rect": "1,1,17,7", "Center": "0,2" },
	"ecsu.smallfont.bg_x18": { "File": "smallbg.png", "Rect": "1,1,18,7", "Center": "0,2" },
	"ecsu.smallfont.bg_x19": { "File": "smallbg.png", "Rect": "1,1,19,7", "Center": "0,2" },
	"ecsu.smallfont.bg_x20": { "File": "smallbg.png", "Rect": "1,1,20,7", "Center": "0,2" },
	"ecsu.smallfont.bg_x21": { "File": "smallbg.png", "Rect": "1,1,21,7", "Center": "0,2" },
	"ecsu.smallfont.bg_x22": { "File": "smallbg.png", "Rect": "1,1,22,7", "Center": "0,2" },
	"ecsu.smallfont.bg_x23": { "File": "smallbg.png", "Rect": "1,1,23,7", "Center": "0,2" },
	"ecsu.smallfont.bg_x24": { "File": "smallbg.png", "Rect": "1,1,24,7", "Center": "0,2" },
	"ecsu.smallfont.bg_x25": { "File": "smallbg.png", "Rect": "1,1,25,7", "Center": "0,2" },
	"ecsu.smallfont.bg_x26": { "File": "smallbg.png", "Rect": "1,1,26,7", "Center": "0,2" },
	"ecsu.smallfont.bg_x27": { "File": "smallbg.png", "Rect": "1,1,27,7", "Center": "0,2" },
	"ecsu.smallfont.bg_x28": { "File": "smallbg.png", "Rect": "1,1,28,7", "Center": "0,2" },
	"ecsu.smallfont.bg_x29": { "File": "smallbg.png", "Rect": "1,1,29,7", "Center": "0,2" },
	"ecsu.smallfont.bg_x30": { "File": "smallbg.png", "Rect": "1,1,30,7", "Center": "0,2" },
	"ecsu.smallfont.bg_x31": { "File": "smallbg.png", "Rect": "1,1,31,7", "Center": "0,2" },
	"ecsu.smallfont.bg_x32": { "File": "smallbg.png", "Rect": "1,1,32,7", "Center": "0,2" },
	"ecsu.smallfont.bg_x33": { "File": "smallbg.png", "Rect": "1,1,33,7", "Center": "0,2" },
	"ecsu.smallfont.bg_x34": { "File": "smallbg.png", "Rect": "1,1,34,7", "Center": "0,2" },
	"ecsu.smallfont.bg_x35": { "File": "smallbg.png", "Rect": "1,1,35,7", "Center": "0,2" },
	"ecsu.smallfont.bg_x36": { "File": "smallbg.png", "Rect": "1,1,36,7", "Center": "0,2" },
	"ecsu.smallfont.bg_x37": { "File": "smallbg.png", "Rect": "1,1,37,7", "Center": "0,2" },
	"ecsu.smallfont.bg_x38": { "File": "smallbg.png", "Rect": "1,1,38,7", "Center": "0,2" },
	"ecsu.smallfont.bg_x39": { "File": "smallbg.png", "Rect": "1,1,39,7", "Center": "0,2" },
	"ecsu.smallfont.bg_x40": { "File": "smallbg.png", "Rect": "1,1,40,7", "Center": "0,2" },
	"ecsu.smallfont.bg_x41": { "File": "smallbg.png", "Rect": "1,1,41,7", "Center": "0,2" },
	"ecsu.smallfont.bg_x42": { "File": "smallbg.png", "Rect": "1,1,42,7", "Center": "0,2" },
	"ecsu.smallfont.bg_x43": { "File": "smallbg.png", "Rect": "1,1,43,7", "Center": "0,2" },
	"ecsu.smallfont.bg_x44": { "File": "smallbg.png", "Rect": "1,1,44,7", "Center": "0,2" },
	"ecsu.smallfont.bg_x45": { "File": "smallbg.png", "Rect": "1,1,45,7", "Center": "0,2" },
	"ecsu.smallfont.bg_x46": { "File": "smallbg.png", "Rect": "1,1,46,7", "Center": "0,2" },
	"ecsu.smallfont.bg_x47": { "File": "smallbg.png", "Rect": "1,1,47,7", "Center": "0,2" },
	"ecsu.smallfont.bg_x48": { "File": "smallbg.png", "Rect": "1,1,48,7", "Center": "0,2" },
	"ecsu.smallfont.bg_x49": { "File": "smallbg.png", "Rect": "1,1,49,7", "Center": "0,2" },
	"ecsu.smallfont.bg_x50": { "File": "smallbg.png", "Rect": "1,1,50,7", "Center": "0,2" },
	"ecsu.smallfont.bg_x51": { "File": "smallbg.png", "Rect": "1,1,51,7", "Center": "0,2" },
	"ecsu.smallfont.bg_x52": { "File": "smallbg.png", "Rect": "1,1,52,7", "Center": "0,2" },
	"ecsu.smallfont.bg_x53": { "File": "smallbg.png", "Rect": "1,1,53,7", "Center": "0,2" },
	"ecsu.smallfont.bg_x54": { "File": "smallbg.png", "Rect": "1,1,54,7", "Center": "0,2" },
	"ecsu.smallfont.bg_x55": { "File": "smallbg.png", "Rect": "1,1,55,7", "Center": "0,2" },
	"ecsu.smallfont.bg_x56": { "File": "smallbg.png", "Rect": "1,1,56,7", "Center": "0,2" },
	"ecsu.smallfont.bg_x57": { "File": "smallbg.png", "Rect": "1,1,57,7", "Center": "0,2" },
	"ecsu.smallfont.bg_x58": { "File": "smallbg.png", "Rect": "1,1,58,7", "Center": "0,2" },
	"ecsu.smallfont.bg_x59": { "File": "smallbg.png", "Rect": "1,1,59,7", "Center": "0,2" },
	"ecsu.smallfont.bg_x60": { "File": "smallbg.png", "Rect": "1,1,60,7", "Center": "0,2" },
	"ecsu.smallfont.bg_x61": { "File": "smallbg.png", "Rect": "1,1,61,7", "Center": "0,2" },
	"ecsu.smallfont.bg_x62": { "File": "smallbg.png", "Rect": "1,1,62,7", "Center": "0,2" },
	"ecsu.smallfont.bg_x63": { "File": "smallbg.png", "Rect": "1,1,63,7", "Center": "0,2" },
	"ecsu.smallfont.bg_x64": { "File": "smallbg.png", "Rect": "1,1,64,7", "Center": "0,2" },
	"ecsu.smallfont.bg_x65": { "File": "smallbg.png", "Rect": "1,1,65,7", "Center": "0,2" },
	"ecsu.smallfont.bg_x66": { "File": "smallbg.png", "Rect": "1,1,66,7", "Center": "0,2" },
	"ecsu.smallfont.bg_x67": { "File": "smallbg.png", "Rect": "1,1,67,7", "Center": "0,2" },
	"ecsu.smallfont.bg_x68": { "File": "smallbg.png", "Rect": "1,1,68,7", "Center": "0,2" },
	"ecsu.smallfont.bg_x69": { "File": "smallbg.png", "Rect": "1,1,69,7", "Center": "0,2" },
	"ecsu.smallfont.bg_x70": { "File": "smallbg.png", "Rect": "1,1,70,7", "Center": "0,2" },
	"ecsu.smallfont.bg_x71": { "File": "smallbg.png", "Rect": "1,1,71,7", "Center": "0,2" },
	"ecsu.smallfont.bg_x72": { "File": "smallbg.png", "Rect": "1,1,72,7", "Center": "0,2" },
	"ecsu.smallfont.bg_x73": { "File": "smallbg.png", "Rect": "1,1,73,7", "Center": "0,2" },
	"ecsu.smallfont.bg_x74": { "File": "smallbg.png", "Rect": "1,1,74,7", "Center": "0,2" },
	"ecsu.smallfont.bg_x75": { "File": "smallbg.png", "Rect": "1,1,75,7", "Center": "0,2" },
	"ecsu.smallfont.bg_x76": { "File": "smallbg.png", "Rect": "1,1,76,7", "Center": "0,2" },
	"ecsu.smallfont.bg_x77": { "File": "smallbg.png", "Rect": "1,1,77,7", "Center": "0,2" },
	"ecsu.smallfont.bg_x78": { "File": "smallbg.png", "Rect": "1,1,78,7", "Center": "0,2" },
	"ecsu.smallfont.bg_x79": { "File": "smallbg.png", "Rect": "1,1,79,7", "Center": "0,2" },
	"ecsu.smallfont.bg_x80": { "File": "smallbg.png", "Rect": "1,1,80,7", "Center": "0,2" },
	"ecsu.smallfont.bg_x81": { "File": "smallbg.png", "Rect": "1,1,81,7", "Center": "0,2" },
	"ecsu.smallfont.bg_x82": { "File": "smallbg.png", "Rect": "1,1,82,7", "Center": "0,2" },
	"ecsu.smallfont.bg_x83": { "File": "smallbg.png", "Rect": "1,1,83,7", "Center": "0,2" },
	"ecsu.smallfont.bg_x84": { "File": "smallbg.png", "Rect": "1,1,84,7", "Center": "0,2" },
	"ecsu.smallfont.bg_x85": { "File": "smallbg.png", "Rect": "1,1,85,7", "Center": "0,2" },
	"ecsu.smallfont.bg_x86": { "File": "smallbg.png", "Rect": "1,1,86,7", "Center": "0,2" },
	"ecsu.smallfont.bg_x87": { "File": "smallbg.png", "Rect": "1,1,87,7", "Center": "0,2" },
	"ecsu.smallfont.bg_x88": { "File": "smallbg.png", "Rect": "1,1,88,7", "Center": "0,2" },
	"ecsu.smallfont.bg_x89": { "File": "smallbg.png", "Rect": "1,1,89,7", "Center": "0,2" },
	"ecsu.smallfont.bg_x90": { "File": "smallbg.png", "Rect": "1,1,90,7", "Center": "0,2" },
	"ecsu.smallfont.bg_x91": { "File": "smallbg.png", "Rect": "1,1,91,7", "Center": "0,2" },
	"ecsu.smallfont.bg_x92": { "File": "smallbg.png", "Rect": "1,1,92,7", "Center": "0,2" },
	"ecsu.smallfont.bg_x93": { "File": "smallbg.png", "Rect": "1,1,93,7", "Center": "0,2" },
	"ecsu.smallfont.bg_x94": { "File": "smallbg.png", "Rect": "1,1,94,7", "Center": "0,2" },
	"ecsu.smallfont.bg_x95": { "File": "smallbg.png", "Rect": "1,1,95,7", "Center": "0,2" },
	"ecsu.smallfont.bg_x96": { "File": "smallbg.png", "Rect": "1,1,96,7", "Center": "0,2" },
	"ecsu.smallfont.bg_x97": { "File": "smallbg.png", "Rect": "1,1,97,7", "Center": "0,2" },
	"ecsu.smallfont.bg_x98": { "File": "smallbg.png", "Rect": "1,1,98,7", "Center": "0,2" },
	"ecsu.smallfont.bg_x99": { "File": "smallbg.png", "Rect": "1,1,99,7", "Center": "0,2" },
	"ecsu.smallfont.bg_x100": { "File": "smallbg.png", "Rect": "1,1,100,7", "Center": "0,2" },
	"ecsu.smallfont.bg_x101": { "File": "smallbg.png", "Rect": "1,1,101,7", "Center": "0,2" },
	"ecsu.smallfont.bg_x102": { "File": "smallbg.png", "Rect": "1,1,102,7", "Center": "0,2" },
	"ecsu.smallfont.bg_x103": { "File": "smallbg.png", "Rect": "1,1,103,7", "Center": "0,2" },
	"ecsu.smallfont.bg_x104": { "File": "smallbg.png", "Rect": "1,1,104,7", "Center": "0,2" },
	"ecsu.smallfont.bg_x105": { "File": "smallbg.png", "Rect": "1,1,105,7", "Center": "0,2" },
	"ecsu.smallfont.bg_x106": { "File": "smallbg.png", "Rect": "1,1,106,7", "Center": "0,2" },
	"ecsu.smallfont.bg_x107": { "File": "smallbg.png", "Rect": "1,1,107,7", "Center": "0,2" },
	"ecsu.smallfont.bg_x108": { "File": "smallbg.png", "Rect": "1,1,108,7", "Center": "0,2" },
	"ecsu.smallfont.bg_x109": { "File": "smallbg.png", "Rect": "1,1,109,7", "Center": "0,2" },
	"ecsu.smallfont.bg_x110": { "File": "smallbg.png", "Rect": "1,1,110,7", "Center": "0,2" },
	"ecsu.smallfont.bg_x111": { "File": "smallbg.png", "Rect": "1,1,111,7", "Center": "0,2" },
	"ecsu.smallfont.bg_x112": { "File": "smallbg.png", "Rect": "1,1,112,7", "Center": "0,2" },
	"ecsu.smallfont.bg_x113": { "File": "smallbg.png", "Rect": "1,1,113,7", "Center": "0,2" },
	"ecsu.smallfont.bg_x114": { "File": "smallbg.png", "Rect": "1,1,114,7", "Center": "0,2" },
	"ecsu.smallfont.bg_x115": { "File": "smallbg.png", "Rect": "1,1,115,7", "Center": "0,2" },
	"ecsu.smallfont.bg_x116": { "File": "smallbg.png", "Rect": "1,1,116,7", "Center": "0,2" },
	"ecsu.smallfont.bg_x117": { "File": "smallbg.png", "Rect": "1,1,117,7", "Center": "0,2" },
	"ecsu.smallfont.bg_x118": { "File": "smallbg.png", "Rect": "1,1,118,7", "Center": "0,2" },
	"ecsu.smallfont.bg_x119": { "File": "smallbg.png", "Rect": "1,1,119,7", "Center": "0,2" },
	"ecsu.smallfont.bg_x120": { "File": "smallbg.png", "Rect": "1,1,120,7", "Center": "0,2" },
	"ecsu.smallfont.bg_x121": { "File": "smallbg.png", "Rect": "1,1,121,7", "Center": "0,2" },
	"ecsu.smallfont.bg_x122": { "File": "smallbg.png", "Rect": "1,1,122,7", "Center": "0,2" },
	"ecsu.smallfont.bg_x123": { "File": "smallbg.png", "Rect": "1,1,123,7", "Center": "0,2" },
	"ecsu.smallfont.bg_x124": { "File": "smallbg.png", "Rect": "1,1,124,7", "Center": "0,2" },
	"ecsu.smallfont.bg_x125": { "File": "smallbg.png", "Rect": "1,1,125,7", "Center": "0,2" },
	"ecsu.smallfont.bg_x126": { "File": "smallbg.png", "Rect": "1,1,126,7", "Center": "0,2" },
	"ecsu.smallfont.bg_x127": { "File": "smallbg.png", "Rect": "1,1,127,7", "Center": "0,2" },
	"ecsu.smallfont.bg_x128": { "File": "smallbg.png", "Rect": "1,1,128,7", "Center": "0,2" },
	"ecsu.smallfont.bg_x129": { "File": "smallbg.png", "Rect": "1,1,129,7", "Center": "0,2" },
	"ecsu.smallfont.bg_x130": { "File": "smallbg.png", "Rect": "1,1,130,7", "Center": "0,2" },
	"ecsu.smallfont.bg_x131": { "File": "smallbg.png", "Rect": "1,1,131,7", "Center": "0,2" },
	"ecsu.smallfont.bg_x132": { "File": "smallbg.png", "Rect": "1,1,132,7", "Center": "0,2" },
	"ecsu.smallfont.bg_x133": { "File": "smallbg.png", "Rect": "1,1,133,7", "Center": "0,2" },
	"ecsu.smallfont.bg_x134": { "File": "smallbg.png", "Rect": "1,1,134,7", "Center": "0,2" },
	"ecsu.smallfont.bg_x135": { "File": "smallbg.png", "Rect": "1,1,135,7", "Center": "0,2" },
	"ecsu.smallfont.bg_x136": { "File": "smallbg.png", "Rect": "1,1,136,7", "Center": "0,2" },
	"ecsu.smallfont.bg_x137": { "File": "smallbg.png", "Rect": "1,1,137,7", "Center": "0,2" },
	"ecsu.smallfont.bg_x138": { "File": "smallbg.png", "Rect": "1,1,138,7", "Center": "0,2" },
	"ecsu.smallfont.bg_x139": { "File": "smallbg.png", "Rect": "1,1,139,7", "Center": "0,2" },
	"ecsu.smallfont.bg_x140": { "File": "smallbg.png", "Rect": "1,1,140,7", "Center": "0,2" },
	"ecsu.smallfont.bg_x141": { "File": "smallbg.png", "Rect": "1,1,141,7", "Center": "0,2" },
	"ecsu.smallfont.bg_x142": { "File": "smallbg.png", "Rect": "1,1,142,7", "Center": "0,2" },
	"ecsu.smallfont.bg_x143": { "File": "smallbg.png", "Rect": "1,1,143,7", "Center": "0,2" },
	"ecsu.smallfont.bg_x144": { "File": "smallbg.png", "Rect": "1,1,144,7", "Center": "0,2" },
	"ecsu.smallfont.bg_x145": { "File": "smallbg.png", "Rect": "1,1,145,7", "Center": "0,2" },
	"ecsu.smallfont.bg_x146": { "File": "smallbg.png", "Rect": "1,1,146,7", "Center": "0,2" },
	"ecsu.smallfont.bg_x147": { "File": "smallbg.png", "Rect": "1,1,147,7", "Center": "0,2" },
	"ecsu.smallfont.bg_x148": { "File": "smallbg.png", "Rect": "1,1,148,7", "Center": "0,2" },
	"ecsu.smallfont.bg_x149": { "File": "smallbg.png", "Rect": "1,1,149,7", "Center": "0,2" },
	"ecsu.smallfont.bg_x150": { "File": "smallbg.png", "Rect": "1,1,150,7", "Center": "0,2" },
	"ecsu.smallfont.bg_x151": { "File": "smallbg.png", "Rect": "1,1,151,7", "Center": "0,2" },
	"ecsu.smallfont.bg_x152": { "File": "smallbg.png", "Rect": "1,1,152,7", "Center": "0,2" },
	"ecsu.smallfont.bg_x153": { "File": "smallbg.png", "Rect": "1,1,153,7", "Center": "0,2" },
	"ecsu.smallfont.bg_x154": { "File": "smallbg.png", "Rect": "1,1,154,7", "Center": "0,2" },
	"ecsu.smallfont.bg_x155": { "File": "smallbg.png", "Rect": "1,1,155,7", "Center": "0,2" },
	"ecsu.smallfont.bg_x156": { "File": "smallbg.png", "Rect": "1,1,156,7", "Center": "0,2" },
	"ecsu.smallfont.bg_x157": { "File": "smallbg.png", "Rect": "1,1,157,7", "Center": "0,2" },
	"ecsu.smallfont.bg_x158": { "File": "smallbg.png", "Rect": "1,1,158,7", "Center": "0,2" },
	"ecsu.smallfont.bg_x159": { "File": "smallbg.png", "Rect": "1,1,159,7", "Center": "0,2" },
	"ecsu.smallfont.bg_x160": { "File": "smallbg.png", "Rect": "1,1,160,7", "Center": "0,2" },
	"ecsu.smallfont.bg_x161": { "File": "smallbg.png", "Rect": "1,1,161,7", "Center": "0,2" },
	"ecsu.smallfont.bg_x162": { "File": "smallbg.png", "Rect": "1,1,162,7", "Center": "0,2" },
	"ecsu.smallfont.bg_x163": { "File": "smallbg.png", "Rect": "1,1,163,7", "Center": "0,2" },
	"ecsu.smallfont.bg_x164": { "File": "smallbg.png", "Rect": "1,1,164,7", "Center": "0,2" },
	"ecsu.smallfont.bg_x165": { "File": "smallbg.png", "Rect": "1,1,165,7", "Center": "0,2" },
	"ecsu.smallfont.bg_x166": { "File": "smallbg.png", "Rect": "1,1,166,7", "Center": "0,2" },
	"ecsu.smallfont.bg_x167": { "File": "smallbg.png", "Rect": "1,1,167,7", "Center": "0,2" },
	"ecsu.smallfont.bg_x168": { "File": "smallbg.png", "Rect": "1,1,168,7", "Center": "0,2" },
	"ecsu.smallfont.bg_x169": { "File": "smallbg.png", "Rect": "1,1,169,7", "Center": "0,2" },
	"ecsu.smallfont.bg_x170": { "File": "smallbg.png", "Rect": "1,1,170,7", "Center": "0,2" },
	"ecsu.smallfont.bg_x171": { "File": "smallbg.png", "Rect": "1,1,171,7", "Center": "0,2" },
	"ecsu.smallfont.bg_x172": { "File": "smallbg.png", "Rect": "1,1,172,7", "Center": "0,2" },
	"ecsu.smallfont.bg_x173": { "File": "smallbg.png", "Rect": "1,1,173,7", "Center": "0,2" },
	"ecsu.smallfont.bg_x174": { "File": "smallbg.png", "Rect": "1,1,174,7", "Center": "0,2" },
	"ecsu.smallfont.bg_x175": { "File": "smallbg.png", "Rect": "1,1,175,7", "Center": "0,2" },
	"ecsu.smallfont.bg_x176": { "File": "smallbg.png", "Rect": "1,1,176,7", "Center": "0,2" },
	"ecsu.smallfont.bg_x177": { "File": "smallbg.png", "Rect": "1,1,177,7", "Center": "0,2" },
	"ecsu.smallfont.bg_x178": { "File": "smallbg.png", "Rect": "1,1,178,7", "Center": "0,2" },
	"ecsu.smallfont.bg_x179": { "File": "smallbg.png", "Rect": "1,1,179,7", "Center": "0,2" },
	"ecsu.smallfont.bg_x180": { "File": "smallbg.png", "Rect": "1,1,180,7", "Center": "0,2" },
	"ecsu.smallfont.bg_x181": { "File": "smallbg.png", "Rect": "1,1,181,7", "Center": "0,2" },
	"ecsu.smallfont.bg_x182": { "File": "smallbg.png", "Rect": "1,1,182,7", "Center": "0,2" },
	"ecsu.smallfont.bg_x183": { "File": "smallbg.png", "Rect": "1,1,183,7", "Center": "0,2" },
	"ecsu.smallfont.bg_x184": { "File": "smallbg.png", "Rect": "1,1,184,7", "Center": "0,2" },
	"ecsu.smallfont.bg_x185": { "File": "smallbg.png", "Rect": "1,1,185,7", "Center": "0,2" },
	"ecsu.smallfont.bg_x186": { "File": "smallbg.png", "Rect": "1,1,186,7", "Center": "0,2" },
	"ecsu.smallfont.bg_x187": { "File": "smallbg.png", "Rect": "1,1,187,7", "Center": "0,2" },
	"ecsu.smallfont.bg_x188": { "File": "smallbg.png", "Rect": "1,1,188,7", "Center": "0,2" },
	"ecsu.smallfont.bg_x189": { "File": "smallbg.png", "Rect": "1,1,189,7", "Center": "0,2" },
	"ecsu.smallfont.bg_x190": { "File": "smallbg.png", "Rect": "1,1,190,7", "Center": "0,2" },
	"ecsu.smallfont.bg_x191": { "File": "smallbg.png", "Rect": "1,1,191,7", "Center": "0,2" },
	"ecsu.smallfont.bg_x192": { "File": "smallbg.png", "Rect": "1,1,192,7", "Center": "0,2" },
	"ecsu.smallfont.bg_x193": { "File": "smallbg.png", "Rect": "1,1,193,7", "Center": "0,2" },
	"ecsu.smallfont.bg_x194": { "File": "smallbg.png", "Rect": "1,1,194,7", "Center": "0,2" },
	"ecsu.smallfont.bg_x195": { "File": "smallbg.png", "Rect": "1,1,195,7", "Center": "0,2" },
	"ecsu.smallfont.bg_x196": { "File": "smallbg.png", "Rect": "1,1,196,7", "Center": "0,2" },
	"ecsu.smallfont.bg_x197": { "File": "smallbg.png", "Rect": "1,1,197,7", "Center": "0,2" },
	"ecsu.smallfont.bg_x198": { "File": "smallbg.png", "Rect": "1,1,198,7", "Center": "0,2" },
	"ecsu.smallfont.bg_x199": { "File": "smallbg.png", "Rect": "1,1,199,7", "Center": "0,2" },
	"ecsu.smallfont.bg_x200": { "File": "smallbg.png", "Rect": "1,1,200,7", "Center": "0,2" },
	"ecsu.smallfont.bg_x201": { "File": "smallbg.png", "Rect": "1,1,201,7", "Center": "0,2" },
	"ecsu.smallfont.bg_x202": { "File": "smallbg.png", "Rect": "1,1,202,7", "Center": "0,2" },
	"ecsu.smallfont.bg_x203": { "File": "smallbg.png", "Rect": "1,1,203,7", "Center": "0,2" },
	"ecsu.smallfont.bg_x204": { "File": "smallbg.png", "Rect": "1,1,204,7", "Center": "0,2" },
	"ecsu.smallfont.bg_x205": { "File": "smallbg.png", "Rect": "1,1,205,7", "Center": "0,2" },
	"ecsu.smallfont.bg_x206": { "File": "smallbg.png", "Rect": "1,1,206,7", "Center": "0,2" },
	"ecsu.smallfont.bg_x207": { "File": "smallbg.png", "Rect": "1,1,207,7", "Center": "0,2" },
	"ecsu.smallfont.bg_x208": { "File": "smallbg.png", "Rect": "1,1,208,7", "Center": "0,2" },
	"ecsu.smallfont.bg_x209": { "File": "smallbg.png", "Rect": "1,1,209,7", "Center": "0,2" },
	"ecsu.smallfont.bg_x210": { "File": "smallbg.png", "Rect": "1,1,210,7", "Center": "0,2" },
	"ecsu.smallfont.bg_x211": { "File": "smallbg.png", "Rect": "1,1,211,7", "Center": "0,2" },
	"ecsu.smallfont.bg_x212": { "File": "smallbg.png", "Rect": "1,1,212,7", "Center": "0,2" },
	"ecsu.smallfont.bg_x213": { "File": "smallbg.png", "Rect": "1,1,213,7", "Center": "0,2" },
	"ecsu.smallfont.bg_x214": { "File": "smallbg.png", "Rect": "1,1,214,7", "Center": "0,2" },
	"ecsu.smallfont.bg_x215": { "File": "smallbg.png", "Rect": "1,1,215,7", "Center": "0,2" },
	"ecsu.smallfont.bg_x216": { "File": "smallbg.png", "Rect": "1,1,216,7", "Center": "0,2" },
	"ecsu.smallfont.bg_x217": { "File": "smallbg.png", "Rect": "1,1,217,7", "Center": "0,2" },
	"ecsu.smallfont.bg_x218": { "File": "smallbg.png", "Rect": "1,1,218,7", "Center": "0,2" },
	"ecsu.smallfont.bg_x219": { "File": "smallbg.png", "Rect": "1,1,219,7", "Center": "0,2" },
	"ecsu.smallfont.bg_x220": { "File": "smallbg.png", "Rect": "1,1,220,7", "Center": "0,2" },
	"ecsu.smallfont.bg_x221": { "File": "smallbg.png", "Rect": "1,1,221,7", "Center": "0,2" },
	"ecsu.smallfont.bg_x222": { "File": "smallbg.png", "Rect": "1,1,222,7", "Center": "0,2" },
	"ecsu.smallfont.bg_x223": { "File": "smallbg.png", "Rect": "1,1,223,7", "Center": "0,2" },
	"ecsu.smallfont.bg_x224": { "File": "smallbg.png", "Rect": "1,1,224,7", "Center": "0,2" },
	"ecsu.smallfont.bg_x225": { "File": "smallbg.png", "Rect": "1,1,225,7", "Center": "0,2" },
	"ecsu.smallfont.bg_x226": { "File": "smallbg.png", "Rect": "1,1,226,7", "Center": "0,2" },
	"ecsu.smallfont.bg_x227": { "File": "smallbg.png", "Rect": "1,1,227,7", "Center": "0,2" },
	"ecsu.smallfont.bg_x228": { "File": "smallbg.png", "Rect": "1,1,228,7", "Center": "0,2" },
	"ecsu.smallfont.bg_x229": { "File": "smallbg.png", "Rect": "1,1,229,7", "Center": "0,2" },
	"ecsu.smallfont.bg_x230": { "File": "smallbg.png", "Rect": "1,1,230,7", "Center": "0,2" },
	"ecsu.smallfont.bg_x231": { "File": "smallbg.png", "Rect": "1,1,231,7", "Center": "0,2" },
	"ecsu.smallfont.bg_x232": { "File": "smallbg.png", "Rect": "1,1,232,7", "Center": "0,2" },
	"ecsu.smallfont.bg_x233": { "File": "smallbg.png", "Rect": "1,1,233,7", "Center": "0,2" },
	"ecsu.smallfont.bg_x234": { "File": "smallbg.png", "Rect": "1,1,234,7", "Center": "0,2" },
	"ecsu.smallfont.bg_x235": { "File": "smallbg.png", "Rect": "1,1,235,7", "Center": "0,2" },
	"ecsu.smallfont.bg_x236": { "File": "smallbg.png", "Rect": "1,1,236,7", "Center": "0,2" },
	"ecsu.smallfont.bg_x237": { "File": "smallbg.png", "Rect": "1,1,237,7", "Center": "0,2" },
	"ecsu.smallfont.bg_x238": { "File": "smallbg.png", "Rect": "1,1,238,7", "Center": "0,2" },
	"ecsu.smallfont.bg_x239": { "File": "smallbg.png", "Rect": "1,1,239,7", "Center": "0,2" },
	"ecsu.smallfont.bg_x240": { "File": "smallbg.png", "Rect": "1,1,240,7", "Center": "0,2" },
	"ecsu.smallfont.bg_x241": { "File": "smallbg.png", "Rect": "1,1,241,7", "Center": "0,2" },
	"ecsu.smallfont.bg_x242": { "File": "smallbg.png", "Rect": "1,1,242,7", "Center": "0,2" },
	"ecsu.smallfont.bg_x243": { "File": "smallbg.png", "Rect": "1,1,243,7", "Center": "0,2" },
	"ecsu.smallfont.bg_x244": { "File": "smallbg.png", "Rect": "1,1,244,7", "Center": "0,2" },
	"ecsu.smallfont.bg_x245": { "File": "smallbg.png", "Rect": "1,1,245,7", "Center": "0,2" },
	"ecsu.smallfont.bg_x246": { "File": "smallbg.png", "Rect": "1,1,246,7", "Center": "0,2" },
	"ecsu.smallfont.bg_x247": { "File": "smallbg.png", "Rect": "1,1,247,7", "Center": "0,2" },
	"ecsu.smallfont.bg_x248": { "File": "smallbg.png", "Rect": "1,1,248,7", "Center": "0,2" },
	"ecsu.smallfont.bg_x249": { "File": "smallbg.png", "Rect": "1,1,249,7", "Center": "0,2" },
	"ecsu.smallfont.bg_x250": { "File": "smallbg.png", "Rect": "1,1,250,7", "Center": "0,2" },
	"ecsu.smallfont.bg_x251": { "File": "smallbg.png", "Rect": "1,1,251,7", "Center": "0,2" },
	"ecsu.smallfont.bg_x252": { "File": "smallbg.png", "Rect": "1,1,252,7", "Center": "0,2" },
	"ecsu.smallfont.bg_x253": { "File": "smallbg.png", "Rect": "1,1,253,7", "Center": "0,2" },
	"ecsu.smallfont.bg_x254": { "File": "smallbg.png", "Rect": "1,1,254,7", "Center": "0,2" },
	"ecsu.smallfont.bg_x255": { "File": "smallbg.png", "Rect": "1,1,255,7", "Center": "0,2" },
	"ecsu.smallfont.bg_x256": { "File": "smallbg.png", "Rect": "1,1,256,7", "Center": "0,2" },
	"ecsu.smallfont.bg_x257": { "File": "smallbg.png", "Rect": "1,1,257,7", "Center": "0,2" },
	"ecsu.smallfont.bg_x258": { "File": "smallbg.png", "Rect": "1,1,258,7", "Center": "0,2" },
	"ecsu.smallfont.bg_x259": { "File": "smallbg.png", "Rect": "1,1,259,7", "Center": "0,2" },
	"ecsu.smallfont.bg_x260": { "File": "smallbg.png", "Rect": "1,1,260,7", "Center": "0,2" },
	"ecsu.smallfont.bg_x261": { "File": "smallbg.png", "Rect": "1,1,261,7", "Center": "0,2" },
	"ecsu.smallfont.bg_x262": { "File": "smallbg.png", "Rect": "1,1,262,7", "Center": "0,2" },
	"ecsu.smallfont.bg_x263": { "File": "smallbg.png", "Rect": "1,1,263,7", "Center": "0,2" },
	"ecsu.smallfont.bg_x264": { "File": "smallbg.png", "Rect": "1,1,264,7", "Center": "0,2" },
	"ecsu.smallfont.bg_x265": { "File": "smallbg.png", "Rect": "1,1,265,7", "Center": "0,2" },
	"ecsu.smallfont.bg_x266": { "File": "smallbg.png", "Rect": "1,1,266,7", "Center": "0,2" },
	"ecsu.smallfont.bg_x267": { "File": "smallbg.png", "Rect": "1,1,267,7", "Center": "0,2" },
	"ecsu.smallfont.bg_x268": { "File": "smallbg.png", "Rect": "1,1,268,7", "Center": "0,2" },
	"ecsu.smallfont.bg_x269": { "File": "smallbg.png", "Rect": "1,1,269,7", "Center": "0,2" },
	"ecsu.smallfont.bg_x270": { "File": "smallbg.png", "Rect": "1,1,270,7", "Center": "0,2" },
	"ecsu.smallfont.bg_x271": { "File": "smallbg.png", "Rect": "1,1,271,7", "Center": "0,2" },
	"ecsu.smallfont.bg_x272": { "File": "smallbg.png", "Rect": "1,1,272,7", "Center": "0,2" },
	"ecsu.smallfont.bg_x273": { "File": "smallbg.png", "Rect": "1,1,273,7", "Center": "0,2" },
	"ecsu.smallfont.bg_x274": { "File": "smallbg.png", "Rect": "1,1,274,7", "Center": "0,2" },
	"ecsu.smallfont.bg_x275": { "File": "smallbg.png", "Rect": "1,1,275,7", "Center": "0,2" },
	"ecsu.smallfont.bg_x276": { "File": "smallbg.png", "Rect": "1,1,276,7", "Center": "0,2" },
	"ecsu.smallfont.bg_x277": { "File": "smallbg.png", "Rect": "1,1,277,7", "Center": "0,2" },
	"ecsu.smallfont.bg_x278": { "File": "smallbg.png", "Rect": "1,1,278,7", "Center": "0,2" },
	"ecsu.smallfont.bg_x279": { "File": "smallbg.png", "Rect": "1,1,279,7", "Center": "0,2" },
	"ecsu.smallfont.bg_x280": { "File": "smallbg.png", "Rect": "1,1,280,7", "Center": "0,2" },
	"ecsu.smallfont.bg_x281": { "File": "smallbg.png", "Rect": "1,1,281,7", "Center": "0,2" },
	"ecsu.smallfont.bg_x282": { "File": "smallbg.png", "Rect": "1,1,282,7", "Center": "0,2" },
	"ecsu.smallfont.bg_x283": { "File": "smallbg.png", "Rect": "1,1,283,7", "Center": "0,2" },
	"ecsu.smallfont.bg_x284": { "File": "smallbg.png", "Rect": "1,1,284,7", "Center": "0,2" },
	"ecsu.smallfont.bg_x285": { "File": "smallbg.png", "Rect": "1,1,285,7", "Center": "0,2" },
	"ecsu.smallfont.bg_x286": { "File": "smallbg.png", "Rect": "1,1,286,7", "Center": "0,2" },
	"ecsu.smallfont.bg_x287": { "File": "smallbg.png", "Rect": "1,1,287,7", "Center": "0,2" },
	"ecsu.smallfont.bg_x288": { "File": "smallbg.png", "Rect": "1,1,288,7", "Center": "0,2" },
	"ecsu.smallfont.bg_x289": { "File": "smallbg.png", "Rect": "1,1,289,7", "Center": "0,2" },
	"ecsu.smallfont.bg_x290": { "File": "smallbg.png", "Rect": "1,1,290,7", "Center": "0,2" },
	"ecsu.smallfont.bg_x291": { "File": "smallbg.png", "Rect": "1,1,291,7", "Center": "0,2" },
	"ecsu.smallfont.bg_x292": { "File": "smallbg.png", "Rect": "1,1,292,7", "Center": "0,2" },
	"ecsu.smallfont.bg_x293": { "File": "smallbg.png", "Rect": "1,1,293,7", "Center": "0,2" },
	"ecsu.smallfont.bg_x294": { "File": "smallbg.png", "Rect": "1,1,294,7", "Center": "0,2" },
	"ecsu.smallfont.bg_x295": { "File": "smallbg.png", "Rect": "1,1,295,7", "Center": "0,2" },
	"ecsu.smallfont.bg_x296": { "File": "smallbg.png", "Rect": "1,1,296,7", "Center": "0,2" },
	"ecsu.smallfont.bg_x297": { "File": "smallbg.png", "Rect": "1,1,297,7", "Center": "0,2" },
	"ecsu.smallfont.bg_x298": { "File": "smallbg.png", "Rect": "1,1,298,7", "Center": "0,2" },
	"ecsu.smallfont.bg_x299": { "File": "smallbg.png", "Rect": "1,1,299,7", "Center": "0,2" },
	"ecsu.smallfont.bg_x300": { "File": "smallbg.png", "Rect": "1,1,300,7", "Center": "0,2" },
	"ecsu.smallfont.bg_x301": { "File": "smallbg.png", "Rect": "1,1,301,7", "Center": "0,2" },
	"ecsu.smallfont.bg_x302": { "File": "smallbg.png", "Rect": "1,1,302,7", "Center": "0,2" },
	"ecsu.smallfont.bg_x303": { "File": "smallbg.png", "Rect": "1,1,303,7", "Center": "0,2" },
	"ecsu.smallfont.bg_x304": { "File": "smallbg.png", "Rect": "1,1,304,7", "Center": "0,2" },
	"ecsu.smallfont.bg_x305": { "File": "smallbg.png", "Rect": "1,1,305,7", "Center": "0,2" },
	"ecsu.smallfont.bg_x306": { "File": "smallbg.png", "Rect": "1,1,306,7", "Center": "0,2" },
	"ecsu.smallfont.bg_x307": { "File": "smallbg.png", "Rect": "1,1,307,7", "Center": "0,2" },
	"ecsu.smallfont.bg_x308": { "File": "smallbg.png", "Rect": "1,1,308,7", "Center": "0,2" },
	"ecsu.smallfont.bg_x309": { "File": "smallbg.png", "Rect": "1,1,309,7", "Center": "0,2" },
	"ecsu.smallfont.bg_x310": { "File": "smallbg.png", "Rect": "1,1,310,7", "Center": "0,2" },
	"ecsu.smallfont.bg_x311": { "File": "smallbg.png", "Rect": "1,1,311,7", "Center": "0,2" },
	"ecsu.smallfont.bg_x312": { "File": "smallbg.png", "Rect": "1,1,312,7", "Center": "0,2" },
	"ecsu.smallfont.bg_x313": { "File": "smallbg.png", "Rect": "1,1,313,7", "Center": "0,2" },
	"ecsu.smallfont.bg_x314": { "File": "smallbg.png", "Rect": "1,1,314,7", "Center": "0,2" },
	"ecsu.smallfont.bg_x315": { "File": "smallbg.png", "Rect": "1,1,315,7", "Center": "0,2" },
	"ecsu.smallfont.bg_x316": { "File": "smallbg.png", "Rect": "1,1,316,7", "Center": "0,2" },
	"ecsu.smallfont.bg_x317": { "File": "smallbg.png", "Rect": "1,1,317,7", "Center": "0,2" },
	"ecsu.smallfont.bg_x318": { "File": "smallbg.png", "Rect": "1,1,318,7", "Center": "0,2" },
	"ecsu.smallfont.bg_x319": { "File": "smallbg.png", "Rect": "1,1,319,7", "Center": "0,2" },
	"ecsu.smallfont.bg_x320": { "File": "smallbg.png", "Rect": "1,1,320,7", "Center": "0,2" },
	"ecsu.smallfont.bg_x321": { "File": "smallbg.png", "Rect": "1,1,321,7", "Center": "0,2" },
	"ecsu.smallfont.bg_x322": { "File": "smallbg.png", "Rect": "1,1,322,7", "Center": "0,2" },
	"ecsu.smallfont.bg_x323": { "File": "smallbg.png", "Rect": "1,1,323,7", "Center": "0,2" },
	"ecsu.smallfont.bg_x324": { "File": "smallbg.png", "Rect": "1,1,324,7", "Center": "0,2" },
	"ecsu.smallfont.bg_x325": { "File": "smallbg.png", "Rect": "1,1,325,7", "Center": "0,2" },
	"ecsu.smallfont.bg_x326": { "File": "smallbg.png", "Rect": "1,1,326,7", "Center": "0,2" },
	"ecsu.smallfont.bg_x327": { "File": "smallbg.png", "Rect": "1,1,327,7", "Center": "0,2" },
	"ecsu.smallfont.bg_x328": { "File": "smallbg.png", "Rect": "1,1,328,7", "Center": "0,2" },
	"ecsu.smallfont.bg_x329": { "File": "smallbg.png", "Rect": "1,1,329,7", "Center": "0,2" },
	"ecsu.smallfont.bg_x330": { "File": "smallbg.png", "Rect": "1,1,330,7", "Center": "0,2" },
	"ecsu.smallfont.bg_x331": { "File": "smallbg.png", "Rect": "1,1,331,7", "Center": "0,2" },
	"ecsu.smallfont.bg_x332": { "File": "smallbg.png", "Rect": "1,1,332,7", "Center": "0,2" },
	"ecsu.smallfont.bg_x333": { "File": "smallbg.png", "Rect": "1,1,333,7", "Center": "0,2" },
	"ecsu.smallfont.bg_x334": { "File": "smallbg.png", "Rect": "1,1,334,7", "Center": "0,2" },
	"ecsu.smallfont.bg_x335": { "File": "smallbg.png", "Rect": "1,1,335,7", "Center": "0,2" },
	"ecsu.smallfont.bg_x336": { "File": "smallbg.png", "Rect": "1,1,336,7", "Center": "0,2" },
	"ecsu.smallfont.bg_x337": { "File": "smallbg.png", "Rect": "1,1,337,7", "Center": "0,2" },
	"ecsu.smallfont.bg_x338": { "File": "smallbg.png", "Rect": "1,1,338,7", "Center": "0,2" },
	"ecsu.smallfont.bg_x339": { "File": "smallbg.png", "Rect": "1,1,339,7", "Center": "0,2" },
	"ecsu.smallfont.bg_x340": { "File": "smallbg.png", "Rect": "1,1,340,7", "Center": "0,2" },
	"ecsu.smallfont.bg_x341": { "File": "smallbg.png", "Rect": "1,1,341,7", "Center": "0,2" },
	"ecsu.smallfont.bg_x342": { "File": "smallbg.png", "Rect": "1,1,342,7", "Center": "0,2" },
	"ecsu.smallfont.bg_x343": { "File": "smallbg.png", "Rect": "1,1,343,7", "Center": "0,2" },
	"ecsu.smallfont.bg_x344": { "File": "smallbg.png", "Rect": "1,1,344,7", "Center": "0,2" },
	"ecsu.smallfont.bg_x345": { "File": "smallbg.png", "Rect": "1,1,345,7", "Center": "0,2" },
	"ecsu.smallfont.bg_x346": { "File": "smallbg.png", "Rect": "1,1,346,7", "Center": "0,2" },
	"ecsu.smallfont.bg_x347": { "File": "smallbg.png", "Rect": "1,1,347,7", "Center": "0,2" },
	"ecsu.smallfont.bg_x348": { "File": "smallbg.png", "Rect": "1,1,348,7", "Center": "0,2" },
	"ecsu.smallfont.bg_x349": { "File": "smallbg.png", "Rect": "1,1,349,7", "Center": "0,2" },
	"ecsu.smallfont.bg_x350": { "File": "smallbg.png", "Rect": "1,1,350,7", "Center": "0,2" },
	"ecsu.smallfont.bg_x351": { "File": "smallbg.png", "Rect": "1,1,351,7", "Center": "0,2" },
	"ecsu.smallfont.bg_x352": { "File": "smallbg.png", "Rect": "1,1,352,7", "Center": "0,2" },
	"ecsu.smallfont.bg_x353": { "File": "smallbg.png", "Rect": "1,1,353,7", "Center": "0,2" },
	"ecsu.smallfont.bg_x354": { "File": "smallbg.png", "Rect": "1,1,354,7", "Center": "0,2" },
	"ecsu.smallfont.bg_x355": { "File": "smallbg.png", "Rect": "1,1,355,7", "Center": "0,2" },
	"ecsu.smallfont.bg_x356": { "File": "smallbg.png", "Rect": "1,1,356,7", "Center": "0,2" },
	"ecsu.smallfont.bg_x357": { "File": "smallbg.png", "Rect": "1,1,357,7", "Center": "0,2" },
	"ecsu.smallfont.bg_x358": { "File": "smallbg.png", "Rect": "1,1,358,7", "Center": "0,2" },
	"ecsu.smallfont.bg_x359": { "File": "smallbg.png", "Rect": "1,1,359,7", "Center": "0,2" },
	"ecsu.smallfont.bg_x360": { "File": "smallbg.png", "Rect": "1,1,360,7", "Center": "0,2" },
	"ecsu.smallfont.bg_x361": { "File": "smallbg.png", "Rect": "1,1,361,7", "Center": "0,2" },
	"ecsu.smallfont.bg_x362": { "File": "smallbg.png", "Rect": "1,1,362,7", "Center": "0,2" },
	"ecsu.smallfont.bg_x363": { "File": "smallbg.png", "Rect": "1,1,363,7", "Center": "0,2" },
	"ecsu.smallfont.bg_x364": { "File": "smallbg.png", "Rect": "1,1,364,7", "Center": "0,2" },
	"ecsu.smallfont.bg_x365": { "File": "smallbg.png", "Rect": "1,1,365,7", "Center": "0,2" },
	"ecsu.smallfont.bg_x366": { "File": "smallbg.png", "Rect": "1,1,366,7", "Center": "0,2" },
	"ecsu.smallfont.bg_x367": { "File": "smallbg.png", "Rect": "1,1,367,7", "Center": "0,2" },
	"ecsu.smallfont.bg_x368": { "File": "smallbg.png", "Rect": "1,1,368,7", "Center": "0,2" },
	"ecsu.smallfont.bg_x369": { "File": "smallbg.png", "Rect": "1,1,369,7", "Center": "0,2" },
	"ecsu.smallfont.bg_x370": { "File": "smallbg.png", "Rect": "1,1,370,7", "Center": "0,2" },
	"ecsu.smallfont.bg_x371": { "File": "smallbg.png", "Rect": "1,1,371,7", "Center": "0,2" },
	"ecsu.smallfont.bg_x372": { "File": "smallbg.png", "Rect": "1,1,372,7", "Center": "0,2" },
	"ecsu.smallfont.bg_x373": { "File": "smallbg.png", "Rect": "1,1,373,7", "Center": "0,2" },
	"ecsu.smallfont.bg_x374": { "File": "smallbg.png", "Rect": "1,1,374,7", "Center": "0,2" },
	"ecsu.smallfont.bg_x375": { "File": "smallbg.png", "Rect": "1,1,375,7", "Center": "0,2" },
	"ecsu.smallfont.bg_x376": { "File": "smallbg.png", "Rect": "1,1,376,7", "Center": "0,2" },
	"ecsu.smallfont.bg_x377": { "File": "smallbg.png", "Rect": "1,1,377,7", "Center": "0,2" },
	"ecsu.smallfont.bg_x378": { "File": "smallbg.png", "Rect": "1,1,378,7", "Center": "0,2" },
	"ecsu.smallfont.bg_x379": { "File": "smallbg.png", "Rect": "1,1,379,7", "Center": "0,2" },
	"ecsu.smallfont.bg_x380": { "File": "smallbg.png", "Rect": "1,1,380,7", "Center": "0,2" },
	"ecsu.smallfont.bg_x381": { "File": "smallbg.png", "Rect": "1,1,381,7", "Center": "0,2" },
	"ecsu.smallfont.bg_x382": { "File": "smallbg.png", "Rect": "1,1,382,7", "Center": "0,2" },
	"ecsu.smallfont.bg_x383": { "File": "smallbg.png", "Rect": "1,1,383,7", "Center": "0,2" },
	"ecsu.smallfont.bg_x384": { "File": "smallbg.png", "Rect": "1,1,384,7", "Center": "0,2" },
	"ecsu.smallfont.bg_x385": { "File": "smallbg.png", "Rect": "1,1,385,7", "Center": "0,2" },
	"ecsu.smallfont.bg_x386": { "File": "smallbg.png", "Rect": "1,1,386,7", "Center": "0,2" },
	"ecsu.smallfont.bg_x387": { "File": "smallbg.png", "Rect": "1,1,387,7", "Center": "0,2" },
	"ecsu.smallfont.bg_x388": { "File": "smallbg.png", "Rect": "1,1,388,7", "Center": "0,2" },
	"ecsu.smallfont.bg_x389": { "File": "smallbg.png", "Rect": "1,1,389,7", "Center": "0,2" },
	"ecsu.smallfont.bg_x390": { "File": "smallbg.png", "Rect": "1,1,390,7", "Center": "0,2" },
	"ecsu.smallfont.bg_x391": { "File": "smallbg.png", "Rect": "1,1,391,7", "Center": "0,2" },
	"ecsu.smallfont.bg_x392": { "File": "smallbg.png", "Rect": "1,1,392,7", "Center": "0,2" },
	"ecsu.smallfont.bg_x393": { "File": "smallbg.png", "Rect": "1,1,393,7", "Center": "0,2" },
	"ecsu.smallfont.bg_x394": { "File": "smallbg.png", "Rect": "1,1,394,7", "Center": "0,2" },
	"ecsu.smallfont.bg_x395": { "File": "smallbg.png", "Rect": "1,1,395,7", "Center": "0,2" },
	"ecsu.smallfont.bg_x396": { "File": "smallbg.png", "Rect": "1,1,396,7", "Center": "0,2" },
	"ecsu.smallfont.bg_x397": { "File": "smallbg.png", "Rect": "1,1,397,7", "Center": "0,2" },
	"ecsu.smallfont.bg_x398": { "File": "smallbg.png", "Rect": "1,1,398,7", "Center": "0,2" },
	"ecsu.smallfont.bg_x399": { "File": "smallbg.png", "Rect": "1,1,399,7", "Center": "0,2" },
	"ecsu.smallfont.bg_x400": { "File": "smallbg.png", "Rect": "1,1,400,7", "Center": "0,2" }
}