{
	"ecsu.smallfont. ": { "File": "smallfont.png", "Rect": "47,1,2,5", "Center": "0,2" },
	"ecsu.smallfont..": { "File": "smallfont.png", "Rect": "41,1,1,5", "Center": "0,2" },
	"ecsu.smallfont.:": { "File": "smallfont.png", "Rect": "122,1,1,5", "Center": "0,2" },
	"ecsu.smallfont./": { "File": "smallfont.png", "Rect": "158,1,7,5", "Center": "0,2" },
	"ecsu.smallfont.%": { "File": "smallfont.png", "Rect": "165,1,7,5", "Center": "0,2" },
	"ecsu.smallfont.(": { "File": "smallfont.png", "Rect": "172,1,2,5", "Center": "0,2" },
	"ecsu.smallfont.)": { "File": "smallfont.png", "Rect": "175,1,2,5", "Center": "0,2" },
	
	"ecsu.smallfont.0": { "File": "smallfont.png", "Rect": "1,1,3,5", "Center": "0,2" },
	"ecsu.smallfont.1": { "File": "smallfont.png", "Rect": "5,1,3,5", "Center": "0,2" },
	"ecsu.smallfont.2": { "File": "smallfont.png", "Rect": "9,1,3,5", "Center": "0,2" },
	"ecsu.smallfont.3": { "File": "smallfont.png", "Rect": "13,1,3,5", "Center": "0,2" },
	"ecsu.smallfont.4": { "File": "smallfont.png", "Rect": "17,1,3,5", "Center": "0,2" },
	"ecsu.smallfont.5": { "File": "smallfont.png", "Rect": "21,1,3,5", "Center": "0,2" },
	"ecsu.smallfont.6": { "File": "smallfont.png", "Rect": "25,1,3,5", "Center": "0,2" },
	"ecsu.smallfont.7": { "File": "smallfont.png", "Rect": "29,1,3,5", "Center": "0,2" },
	"ecsu.smallfont.8": { "File": "smallfont.png", "Rect": "33,1,3,5", "Center": "0,2" },
	"ecsu.smallfont.9": { "File": "smallfont.png", "Rect": "37,1,3,5", "Center": "0,2" },
	
	"ecsu.smallfont.A": { "File": "smallfont.png", "Rect": "50,1,3,5", "Center": "0,2" },
	"ecsu.smallfont.B": { "File": "smallfont.png", "Rect": "54,1,3,5", "Center": "0,2" },
	"ecsu.smallfont.C": { "File": "smallfont.png", "Rect": "58,1,3,5", "Center": "0,2" },
	"ecsu.smallfont.D": { "File": "smallfont.png", "Rect": "62,1,3,5", "Center": "0,2" },
	"ecsu.smallfont.E": { "File": "smallfont.png", "Rect": "66,1,3,5", "Center": "0,2" },
	"ecsu.smallfont.F": { "File": "smallfont.png", "Rect": "70,1,3,5", "Center": "0,2" },
	"ecsu.smallfont.G": { "File": "smallfont.png", "Rect": "74,1,3,5", "Center": "0,2" },
	"ecsu.smallfont.H": { "File": "smallfont.png", "Rect": "78,1,3,5", "Center": "0,2" },
	"ecsu.smallfont.I": { "File": "smallfont.png", "Rect": "82,1,1,5", "Center": "0,2" },
	"ecsu.smallfont.J": { "File": "smallfont.png", "Rect": "84,1,3,5", "Center": "0,2" },
	"ecsu.smallfont.K": { "File": "smallfont.png", "Rect": "88,1,3,5", "Center": "0,2" },
	"ecsu.smallfont.L": { "File": "smallfont.png", "Rect": "92,1,3,5", "Center": "0,2" },
	"ecsu.smallfont.M": { "File": "smallfont.png", "Rect": "96,1,5,5", "Center": "0,2" },
	"ecsu.smallfont.N": { "File": "smallfont.png", "Rect": "102,1,3,5", "Center": "0,2" },
	"ecsu.smallfont.O": { "File": "smallfont.png", "Rect": "106,1,3,5", "Center": "0,2" },
	"ecsu.smallfont.P": { "File": "smallfont.png", "Rect": "110,1,3,5", "Center": "0,2" },
	"ecsu.smallfont.Q": { "File": "smallfont.png", "Rect": "114,1,3,5", "Center": "0,2" },
	"ecsu.smallfont.R": { "File": "smallfont.png", "Rect": "118,1,3,5", "Center": "0,2" },
	"ecsu.smallfont.S": { "File": "smallfont.png", "Rect": "122,1,3,5", "Center": "0,2" },
	"ecsu.smallfont.T": { "File": "smallfont.png", "Rect": "126,1,3,5", "Center": "0,2" },
	"ecsu.smallfont.U": { "File": "smallfont.png", "Rect": "130,1,3,5", "Center": "0,2" },
	"ecsu.smallfont.V": { "File": "smallfont.png", "Rect": "134,1,3,5", "Center": "0,2" },
	"ecsu.smallfont.W": { "File": "smallfont.png", "Rect": "138,1,5,5", "Center": "0,2" },
	"ecsu.smallfont.X": { "File": "smallfont.png", "Rect": "144,1,3,5", "Center": "0,2" },
	"ecsu.smallfont.Y": { "File": "smallfont.png", "Rect": "148,1,3,5", "Center": "0,2" },
	"ecsu.smallfont.Z": { "File": "smallfont.png", "Rect": "152,1,3,5", "Center": "0,2" },
	
	"ecsu.smallfont.v": { "File": "smallfont.png", "Rect": "43,1,3,5", "Center": "0,2" },
	"ecsu.smallfont.x": { "File": "smallfont.png", "Rect": "178,1,3,5", "Center": "0,2" }
}