{
	"ecsu.sonic3_fontC.A": { "File": "sonic3_fontC.png", "Rect": "1,1,16,15", "Center": "0,7" },
	"ecsu.sonic3_fontC.B": { "File": "sonic3_fontC.png", "Rect": "18,1,14,15", "Center": "0,7" },
	"ecsu.sonic3_fontC.C": { "File": "sonic3_fontC.png", "Rect": "33,1,13,15", "Center": "0,7" },
	"ecsu.sonic3_fontC.D": { "File": "sonic3_fontC.png", "Rect": "47,1,13,15", "Center": "0,7" },
	"ecsu.sonic3_fontC.E": { "File": "sonic3_fontC.png", "Rect": "61,1,14,15", "Center": "0,7" },
	"ecsu.sonic3_fontC.F": { "File": "sonic3_fontC.png", "Rect": "76,1,14,15", "Center": "0,7" },
	"ecsu.sonic3_fontC.G": { "File": "sonic3_fontC.png", "Rect": "91,1,13,15", "Center": "0,7" },
	"ecsu.sonic3_fontC.H": { "File": "sonic3_fontC.png", "Rect": "105,1,14,15", "Center": "0,7" },
	"ecsu.sonic3_fontC.I": { "File": "sonic3_fontC.png", "Rect": "120,1,3,15", "Center": "0,7" },
	"ecsu.sonic3_fontC.J": { "File": "sonic3_fontC.png", "Rect": "124,1,12,15", "Center": "0,7" },
	"ecsu.sonic3_fontC.K": { "File": "sonic3_fontC.png", "Rect": "137,1,14,15", "Center": "0,7" },
	"ecsu.sonic3_fontC.L": { "File": "sonic3_fontC.png", "Rect": "152,1,12,15", "Center": "0,7" },
	"ecsu.sonic3_fontC.M": { "File": "sonic3_fontC.png", "Rect": "165,1,15,15", "Center": "0,7" },
	"ecsu.sonic3_fontC.N": { "File": "sonic3_fontC.png", "Rect": "181,1,14,15", "Center": "0,7" },
	"ecsu.sonic3_fontC.O": { "File": "sonic3_fontC.png", "Rect": "196,1,14,15", "Center": "0,7" },
	"ecsu.sonic3_fontC.P": { "File": "sonic3_fontC.png", "Rect": "211,1,13,15", "Center": "0,7" },
	"ecsu.sonic3_fontC.Q": { "File": "sonic3_fontC.png", "Rect": "225,1,16,15", "Center": "0,7" },
	"ecsu.sonic3_fontC.R": { "File": "sonic3_fontC.png", "Rect": "242,1,13,15", "Center": "0,7" },
	"ecsu.sonic3_fontC.S": { "File": "sonic3_fontC.png", "Rect": "256,1,12,15", "Center": "0,7" },
	"ecsu.sonic3_fontC.T": { "File": "sonic3_fontC.png", "Rect": "269,1,13,15", "Center": "0,7" },
	"ecsu.sonic3_fontC.U": { "File": "sonic3_fontC.png", "Rect": "283,1,12,15", "Center": "0,7" },
	"ecsu.sonic3_fontC.V": { "File": "sonic3_fontC.png", "Rect": "296,1,12,15", "Center": "0,7" },
	"ecsu.sonic3_fontC.W": { "File": "sonic3_fontC.png", "Rect": "309,1,13,15", "Center": "0,7" },
	"ecsu.sonic3_fontC.X": { "File": "sonic3_fontC.png", "Rect": "323,1,14,15", "Center": "0,7" },
	"ecsu.sonic3_fontC.Y": { "File": "sonic3_fontC.png", "Rect": "338,1,13,15", "Center": "0,7" },
	"ecsu.sonic3_fontC.Z": { "File": "sonic3_fontC.png", "Rect": "352,1,12,15", "Center": "0,7" },
	
	"ecsu.sonic3_fontC.0": { "File": "sonic3_fontC.png", "Rect": "365,1,12,15", "Center": "0,7" },
	"ecsu.sonic3_fontC.1": { "File": "sonic3_fontC.png", "Rect": "378,1,9,15", "Center": "0,7" },
	"ecsu.sonic3_fontC.2": { "File": "sonic3_fontC.png", "Rect": "388,1,12,15", "Center": "0,7" },
	"ecsu.sonic3_fontC.3": { "File": "sonic3_fontC.png", "Rect": "401,1,12,15", "Center": "0,7" },
	"ecsu.sonic3_fontC.4": { "File": "sonic3_fontC.png", "Rect": "414,1,12,15", "Center": "0,7" },
	"ecsu.sonic3_fontC.5": { "File": "sonic3_fontC.png", "Rect": "427,1,12,15", "Center": "0,7" },
	"ecsu.sonic3_fontC.6": { "File": "sonic3_fontC.png", "Rect": "440,1,12,15", "Center": "0,7" },
	"ecsu.sonic3_fontC.7": { "File": "sonic3_fontC.png", "Rect": "453,1,12,15", "Center": "0,7" },
	"ecsu.sonic3_fontC.8": { "File": "sonic3_fontC.png", "Rect": "466,1,12,15", "Center": "0,7" },
	"ecsu.sonic3_fontC.9": { "File": "sonic3_fontC.png", "Rect": "479,1,12,15", "Center": "0,7" },
	
	"ecsu.sonic3_fontC.:": { "File": "sonic3_fontC.png", "Rect": "492,1,5,15", "Center": "0,7" },
	"ecsu.sonic3_fontC.'": { "File": "sonic3_fontC.png", "Rect": "498,1,6,15", "Center": "0,7" },
	"ecsu.sonic3_fontC.\"": { "File": "sonic3_fontC.png", "Rect": "505,1,9,15", "Center": "0,7" },
	"ecsu.sonic3_fontC. ": { "File": "sonic3_fontC.png", "Rect": "514,1,8,15", "Center": "0,7" },
	"ecsu.sonic3_fontC.°": { "File": "sonic3_fontC.png", "Rect": "514,1,3,15", "Center": "0,7" }
}