{
	"Metadata":
	{
		// --------------------------- //
		// - Mod metadata
		// --------------------------- //

		"Name":			"Extra Character Slots",
		"Author":		"FadeInside, iCloudius, Lave sIime" ,
		"UniqueID": "extra-character-slots-unlimited",
		"Description":	"Extra Character Slots is a Framework that allows you to create Extra Characters, with custom movesets, sprites, HUD, and etc., without replacing Sonic, Tails, or Knuckles.\nEnable this mod to run Extra Character mods.",
		"URL":			"https://github.com/fadeinside/s3air-extra-character-slots-unlimited",
		"ModVersion":	"v8.0",

		// --------------------------- //
		// - Min. required AIR version
		// --------------------------- //

		"GameVersion":	"v22.05.15.0",

		// --------------------------- //
		// - Special metadata
		// --------------------------- //

		"FullName":		"Extra Character Slots - Unlimited",
		"ShortName":	"ECSv8 Unlimited",
		"DevBranch":	"Development",
		"BuildDate":	"2022.11.05",
		"Repository":	"https://github.com/fadeinside/s3air-extra-character-slots-unlimited"
	}
}